{
  "version": 1,
  "author": "Uri Shaked",
  "editor": "wokwi",
  "parts": [
    {
      "type": "board-esp32-devkit-c-v4",
      "id": "esp",
      "top": -29.94,
      "left": -166.3,
      "rotate": 270,
      "attrs": {}
    },
    {
      "type": "wokwi-hx711",
      "id": "cell1",
      "top": -103,
      "left": -45.4,
      "attrs": { "type": "5kg" }
    },
    { "type": "wokwi-rgb-led", "id": "rgb1", "top": 71.2, "left": -354.1, "attrs": {} },
    {
      "type": "board-ssd1306",
      "id": "oled1",
      "top": -112.06,
      "left": -201.37,
      "attrs": { "i2cAddress": "0x3c" }
    },
    {
      "type": "wokwi-buzzer",
      "id": "bz1",
      "top": -26.4,
      "left": -334.2,
      "attrs": { "volume": "0.1" }
    },
    {
      "type": "wokwi-photoresistor-sensor",
      "id": "ldr1",
      "top": 57.3,
      "left": -24.7,
      "rotate": 90,
      "attrs": {}
    },
    {
      "type": "wokwi-resistor",
      "id": "r1",
      "top": 167.15,
      "left": -307.2,
      "attrs": { "value": "100" }
    },
    { "type": "wokwi-rgb-led", "id": "rgb2", "top": 196, "left": -306.1, "attrs": {} },
    {
      "type": "wokwi-resistor",
      "id": "r2",
      "top": 253.55,
      "left": -259.2,
      "attrs": { "value": "100" }
    },
    {
      "type": "wokwi-potentiometer",
      "id": "pot1",
      "top": 232.5,
      "left": -85.4,
      "rotate": 180,
      "attrs": {}
    }
  ],
  "connections": [
    [ "esp:TX", "$serialMonitor:RX", "", [] ],
    [ "esp:RX", "$serialMonitor:TX", "", [] ],
    [ "esp:CMD", "esp:5V", "red", [ "v0" ] ],
    [ "rgb2:B", "esp:35", "blue", [ "v38.4", "h126.4" ] ],
    [ "esp:13", "bz1:2", "#8f4814", [ "v19.05", "h-220.4" ] ],
    [ "bz1:1", "esp:GND.2", "black", [ "h57.6", "v-28.8" ] ],
    [ "oled1:GND", "esp:GND.2", "black", [ "v-9.6", "h-48", "v134.4" ] ],
    [ "oled1:VCC", "esp:3V3", "red", [ "v-19.2", "h-76.65", "v249.6", "h38.4" ] ],
    [ "oled1:SCL", "esp:22", "orange", [ "v-28.8", "h-95.7", "v153.6", "h67.2" ] ],
    [ "oled1:SDA", "esp:21", "gold", [ "v-38.4", "h-115.13", "v153.6", "h105.6" ] ],
    [ "esp:3V3", "ldr1:VCC", "red", [ "v76.65", "h288" ] ],
    [ "ldr1:GND", "esp:GND.1", "black", [ "v9.6", "h-153.2" ] ],
    [ "esp:34", "ldr1:AO", "purple", [ "v0" ] ],
    [ "cell1:DT", "esp:18", "green", [ "h-28.8", "v85.9", "h-48" ] ],
    [ "cell1:SCK", "esp:19", "limegreen", [ "h-38.4", "v66.4", "h-48" ] ],
    [ "cell1:GND", "esp:GND.2", "black", [ "h-48", "v76.5", "h-124.8", "v28.8" ] ],
    [ "cell1:VCC", "esp:3V3", "red", [ "h-19.2", "v38.4", "h-172.8", "v134.4", "h38.4" ] ],
    [ "esp:3V3", "r1:2", "red", [ "v0" ] ],
    [ "rgb1:COM", "r1:1", "red", [ "v0" ] ],
    [ "r2:2", "esp:3V3", "red", [ "v0", "h8.4" ] ],
    [ "rgb2:COM", "r2:1", "red", [ "v0" ] ],
    [ "esp:33", "rgb2:G", "green", [ "v163.05", "h-154.9" ] ],
    [ "rgb2:R", "esp:32", "violet", [ "v57.6", "h163.2" ] ],
    [ "rgb1:R", "esp:26", "yellow", [ "v67.2", "h240" ] ],
    [ "rgb1:G", "esp:27", "green", [ "v48", "h231.7" ] ],
    [ "pot1:VCC", "esp:3V3", "red", [ "v-28.8", "h-114.4" ] ],
    [ "pot1:GND", "esp:GND.1", "black", [ "v-48", "h-9.6" ] ],
    [ "pot1:SIG", "esp:VP", "cyan", [ "v-86.4", "h-124.4" ] ]
  ],
  "dependencies": {}
}